"Date","RZMRE","RZYE","RQMCL","RQYL","RQYE","RZRQYE"
"2016-01-04","27,746,141,351","674,250,015,171","14,767,084","378,549,763","1,930,428,580","676,180,443,751"
"2016-01-05","32,738,126,135","662,424,991,011","31,410,622","386,320,746","1,965,327,469","664,390,318,480"
"2016-01-06","31,039,624,222","659,659,894,611","28,591,279","397,866,642","2,025,469,549","661,685,364,160"
"2016-01-07","8,743,686,393","653,619,923,734","4,980,100","389,379,514","1,865,346,141","655,485,269,875"
"2016-01-08","32,514,181,166","640,940,954,450","20,464,535","366,022,477","1,797,468,141","642,738,422,591"
"2016-01-11","28,150,988,168","622,258,836,431","30,254,704","378,464,622","1,722,772,476","623,981,608,907"
"2016-01-12","21,769,602,015","610,486,743,606","20,604,486","361,694,462","1,687,383,077","612,174,126,683"
"2016-01-13","19,525,346,812","600,445,497,232","22,850,084","367,700,213","1,671,474,368","602,116,971,600"
"2016-01-14","22,803,175,759","594,163,365,933","18,888,607","352,386,407","1,651,483,595","595,814,849,528"
"2016-01-15","20,242,663,855","585,478,803,003","28,249,261","360,131,694","1,613,659,931","587,092,462,934"
"2016-01-18","19,081,125,394","584,010,365,373","23,324,293","368,936,025","1,642,374,141","585,652,739,514"
"2016-01-19","25,220,485,677","583,401,330,073","39,923,341","388,529,453","1,761,695,979","585,163,026,052"
"2016-01-20","25,779,016,479","581,973,101,059","42,551,370","389,257,526","1,710,066,593","583,683,167,652"
"2016-01-21","22,361,174,852","577,982,711,229","38,134,401","399,730,250","1,757,858,947","579,740,570,176"
"2016-01-22","17,864,511,418","574,703,509,699","16,171,099","377,134,445","1,667,792,073","576,371,301,772"
"2016-01-25","16,889,289,523","573,053,955,612","16,201,169","377,897,322","1,696,416,297","574,750,371,909"
"2016-01-26","19,547,611,732","558,948,682,056","26,214,474","386,461,946","1,587,722,289","560,536,404,345"
"2016-01-27","19,749,649,503","546,309,759,767","21,792,114","371,387,521","1,610,207,999","547,919,967,766"
"2016-01-28","14,896,970,875","537,399,576,006","27,725,726","370,276,921","1,540,722,949","538,940,298,955"
"2016-01-29","18,426,533,048","533,033,638,244","22,432,638","357,231,158","1,535,234,350","534,568,872,594"
"2016-02-01","14,080,422,778","528,384,301,655","17,458,549","353,673,284","1,485,180,379","529,869,482,034"
"2016-02-02","17,563,888,365","528,845,887,864","17,212,053","349,593,177","1,511,792,608","530,357,680,472"
"2016-02-03","14,409,477,762","526,428,042,632","12,578,548","344,837,635","1,491,080,478","527,919,123,110"
"2016-02-04","18,541,568,615","524,337,017,843","17,319,810","338,921,731","1,482,084,171","525,819,102,014"
"2016-02-05","11,901,318,369","514,093,133,618","15,155,083","321,846,648","1,357,030,571","515,450,164,189"
"2016-02-15","14,930,797,529","515,256,205,943","33,851,000","338,742,330","1,420,264,176","516,676,470,119"
"2016-02-16","23,605,306,843","518,215,198,164","29,933,324","353,115,874","1,545,662,014","519,760,860,178"
"2016-02-17","24,752,742,440","518,778,341,837","39,836,772","384,911,339","1,657,639,909","520,435,981,746"
"2016-02-18","25,395,778,727","519,382,998,740","14,700,841","383,913,855","1,646,122,131","521,029,120,871"
"2016-02-22","27,522,280,606","519,250,340,741","25,534,802","386,373,075","1,692,811,572","520,943,152,313"
"2016-02-23","23,392,174,306","519,105,100,581","15,163,588","390,237,467","1,689,257,065","520,794,357,646"
"2016-02-24","26,164,786,546","520,489,250,248","16,853,216","395,478,038","1,730,924,643","522,220,174,891"
"2016-02-25","28,390,233,205","513,548,523,851","27,139,662","399,914,491","1,632,454,971","515,180,978,822"
"2016-02-26","18,373,537,956","509,938,422,697","25,497,960","399,871,995","1,639,939,436","511,578,362,133"
"2016-02-29","16,891,230,852","501,041,987,179","23,683,654","405,231,549","1,622,773,378","502,664,760,557"
"2016-03-01","18,523,989,704","499,909,493,421","23,312,246","404,307,775","1,688,144,824","501,597,638,245"
"2016-03-02","29,767,561,155","502,350,546,037","37,776,502","410,569,729","1,779,203,410","504,129,749,447"
"2016-03-03","31,372,321,447","503,092,878,470","27,678,909","418,744,722","1,811,602,760","504,904,481,230"
"2016-03-04","27,790,003,531","494,927,660,917","38,390,367","428,495,044","1,855,487,471","496,783,148,388"
"2016-03-07","24,748,130,963","497,412,906,564","17,338,244","417,247,123","1,835,425,882","499,248,332,446"
"2016-03-08","23,630,997,269","495,750,615,429","19,682,643","414,150,365","1,834,114,044","497,584,729,473"
"2016-03-09","17,033,964,898","492,829,696,125","26,064,592","430,283,330","1,893,220,284","494,722,916,409"
"2016-03-10","14,785,943,211","492,042,339,533","11,993,988","428,684,047","1,836,636,431","493,878,975,964"
"2016-03-11","12,450,405,720","489,799,692,896","16,191,312","420,066,293","1,805,079,703","491,604,772,599"
"2016-03-14","23,766,199,588","493,687,362,449","19,494,774","411,291,055","1,810,427,012","495,497,789,461"
"2016-03-15","16,199,416,635","490,445,133,204","37,963,414","426,634,136","1,861,084,281","492,306,217,485"
"2016-03-16","14,991,423,218","483,482,073,240","31,708,062","438,763,762","1,891,260,265","485,373,333,505"
"2016-03-17","26,128,781,409","488,497,078,304","12,120,751","374,694,739","1,724,225,667","490,221,303,971"
"2016-03-18","39,428,741,515","494,872,388,714","30,866,936","368,296,267","1,711,273,806","496,583,662,520"
"2016-03-21","50,440,582,760","505,682,813,378","33,931,700","344,925,865","1,710,875,104","507,393,688,482"
"2016-03-22","37,857,788,437","507,364,047,862","15,475,715","326,074,971","1,604,722,826","508,968,770,688"
"2016-03-23","31,494,180,992","509,741,838,074","23,831,931","337,341,767","1,636,604,122","511,378,442,196"
"2016-03-24","31,986,208,234","509,172,156,706","31,359,522","352,121,756","1,645,545,414","510,817,702,120"
"2016-03-25","22,318,847,529","508,638,683,094","40,192,809","353,769,333","1,635,002,895","510,273,685,989"
"2016-03-28","27,189,283,089","509,242,174,833","36,392,082","372,864,875","1,684,440,686","510,926,615,519"
"2016-03-29","21,930,279,771","508,525,327,296","47,876,219","396,181,058","1,719,011,642","510,244,338,938"
"2016-03-30","27,927,803,064","509,691,637,569","35,280,473","405,685,748","1,774,343,291","511,465,980,860"
"2016-03-31","31,153,041,676","510,077,307,223","25,351,060","413,712,825","1,794,732,449","511,872,039,672"
"2016-04-01","24,633,167,935","506,119,519,804","28,752,399","425,548,227","1,831,175,662","507,950,695,466"
"2016-04-05","37,092,235,507","512,243,331,494","21,010,858","418,589,155","1,822,755,249","514,066,086,743"
"2016-04-06","31,676,123,292","513,684,986,113","18,494,058","425,300,564","1,833,000,949","515,517,987,062"
"2016-04-07","28,556,687,517","512,796,499,453","22,893,346","430,255,162","1,831,830,901","514,628,330,354"
"2016-04-08","22,781,696,856","509,745,451,220","35,715,099","439,807,776","1,843,290,164","511,588,741,384"
"2016-04-11","30,698,107,375","512,127,578,457","14,677,265","437,973,551","1,870,649,303","513,998,227,760"
"2016-04-12","22,416,237,700","510,211,622,132","20,861,007","442,288,992","1,879,843,609","512,091,465,741"
"2016-04-13","42,312,313,729","514,174,217,320","28,609,114","427,622,877","1,858,861,764","516,033,079,084"
"2016-04-14","28,430,104,632","515,461,028,742","21,268,263","423,652,179","1,863,849,047","517,324,877,789"
"2016-04-15","25,338,240,194","513,959,169,343","18,578,694","424,461,774","1,866,486,619","515,825,655,962"
"2016-04-18","23,645,109,654","512,273,796,689","34,238,477","437,920,187","1,884,974,375","514,158,771,064"
"2016-04-19","20,853,636,754","512,299,527,727","27,911,578","445,711,924","1,895,798,761","514,195,326,488"
"2016-04-20","33,417,664,759","506,019,596,565","48,540,371","459,026,202","1,969,683,025","507,989,279,590"
"2016-04-21","23,671,067,589","504,729,309,486","25,810,818","455,710,066","1,927,995,631","506,657,305,117"
"2016-04-22","15,483,224,766","501,699,887,412","12,498,910","434,986,489","1,837,147,974","503,537,035,386"
"2016-04-25","14,531,444,301","501,105,836,656","28,658,390","452,977,787","1,888,084,518","502,993,921,174"
"2016-04-26","14,289,114,810","500,229,477,522","26,178,572","452,548,563","1,912,955,038","502,142,432,560"
"2016-04-27","15,286,475,183","499,245,448,785","38,562,964","478,036,407","1,959,244,221","501,204,693,006"
"2016-04-28","16,736,075,918","498,679,671,165","28,580,969","483,917,118","1,971,968,247","500,651,639,412"
"2016-04-29","12,930,112,151","494,455,780,517","14,545,540","465,309,165","1,889,693,904","496,345,474,421"
"2016-05-03","24,446,886,546","498,068,800,143","18,254,554","459,347,061","1,916,449,042","499,985,249,185"
"2016-05-04","21,673,655,978","498,378,241,538","25,394,240","459,179,739","1,908,585,250","500,286,826,788"
"2016-05-05","18,795,254,421","498,647,195,271","19,508,495","443,338,759","1,866,740,178","500,513,935,449"
"2016-05-06","25,206,015,858","493,019,015,948","35,486,769","448,117,885","1,821,751,220","494,840,767,168"
"2016-05-09","18,589,026,402","489,787,952,075","33,873,364","454,084,772","1,814,654,742","491,602,606,817"
"2016-05-10","11,967,954,223","486,770,066,004","31,123,109","465,327,237","1,848,438,009","488,618,504,013"
"2016-05-11","14,605,560,018","484,223,329,354","26,286,230","476,347,184","1,908,372,766","486,131,702,120"
"2016-05-12","14,746,480,437","482,195,898,002","33,452,758","487,960,984","1,985,512,603","484,181,410,605"
"2016-05-13","12,799,334,852","479,835,870,205","15,437,677","465,843,265","1,867,654,477","481,703,524,682"
"2016-05-16","13,682,998,225","479,976,560,380","14,189,483","459,251,370","1,865,306,755","481,841,867,135"
"2016-05-17","15,685,066,169","478,828,511,618","23,463,162","467,485,550","1,881,070,331","480,709,581,949"
"2016-05-18","14,732,885,027","474,780,510,464","35,905,915","465,470,861","1,881,965,580","476,662,476,044"
"2016-05-19","14,160,647,518","474,796,983,383","14,410,300","422,386,820","1,744,718,654","476,541,702,037"
"2016-05-20","14,282,633,644","473,967,145,973","36,595,663","416,942,266","1,729,756,848","475,696,902,821"
"2016-05-23","15,087,136,624","473,790,185,446","31,403,739","422,091,594","1,753,543,484","475,543,728,930"
"2016-05-24","14,061,116,207","474,113,760,053","34,425,332","435,897,186","1,798,419,073","475,912,179,126"
"2016-05-25","13,439,435,439","473,248,745,984","33,450,208","447,111,489","1,819,093,057","475,067,839,041"
"2016-05-26","14,550,761,697","472,502,816,382","38,126,177","449,693,374","1,847,415,057","474,350,231,439"
"2016-05-27","12,946,566,059","470,933,246,425","15,409,047","408,347,779","1,693,078,510","472,626,324,935"
"2016-05-30","12,118,100,614","469,474,286,135","50,249,356","433,400,007","1,788,434,447","471,262,720,582"
"2016-05-31","29,411,838,246","472,770,517,075","33,599,650","399,469,150","1,773,404,013","474,543,921,088"
"2016-06-01","26,853,747,104","473,842,939,459","27,907,000","389,097,930","1,733,878,875","475,576,818,334"
"2016-06-02","22,727,591,932","475,857,307,685","26,956,835","400,678,010","1,777,461,682","477,634,769,367"
"2016-06-03","24,400,622,414","473,956,396,588","35,727,267","400,124,553","1,795,161,021","475,751,557,609"
"2016-06-06","20,389,851,290","474,696,463,629","24,680,932","406,734,589","1,807,091,008","476,503,554,637"
"2016-06-07","18,687,817,684","474,785,801,210","34,423,914","423,323,012","1,859,507,222","476,645,308,432"
"2016-06-08","19,223,668,206","472,230,941,146","49,710,215","425,791,006","2,083,247,021","474,314,188,167"
"2016-06-13","22,065,754,739","470,718,833,261","58,834,669","430,977,947","1,764,666,802","472,483,500,063"
"2016-06-14","14,488,643,361","469,814,782,324","65,977,760","455,743,898","2,140,904,265","471,955,686,589"
"2016-06-15","25,071,419,447","472,774,017,130","60,139,809","444,026,379","2,030,176,669","474,804,193,799"
"2016-06-16","22,911,662,035","472,426,696,313","33,767,428","417,334,456","1,842,035,190","474,268,731,503"
"2016-06-17","22,059,853,838","471,145,006,787","35,213,798","392,024,143","1,767,669,480","472,912,676,267"
"2016-06-20","18,147,176,614","471,899,642,785","33,731,307","400,271,759","1,868,935,709","473,768,578,494"
"2016-06-21","22,369,420,851","471,148,810,549","49,486,834","408,942,965","1,907,486,817","473,056,297,366"
"2016-06-22","18,476,704,112","471,757,473,392","33,557,104","402,136,318","1,856,200,904","473,613,674,296"
"2016-06-23","19,023,254,037","470,989,946,736","53,017,447","431,763,853","1,990,896,299","472,980,843,035"
"2016-06-24","24,668,541,492","469,568,272,060","54,843,576","430,224,808","1,888,549,208","471,456,821,268"
"2016-06-27","23,847,929,426","472,130,992,856","51,126,452","439,742,629","1,969,519,019","474,100,511,875"
"2016-06-28","25,173,695,721","473,172,010,473","40,340,399","414,451,274","2,001,696,516","475,173,706,989"
"2016-06-29","26,788,675,844","475,231,804,471","64,276,454","447,815,442","2,118,405,363","477,350,209,834"
"2016-06-30","21,467,742,218","474,937,137,098","26,303,758","442,419,821","2,101,251,811","477,038,388,909"
"2016-07-01","19,675,919,674","473,366,707,712","35,646,834","434,497,231","2,099,563,495","475,466,271,207"
"2016-07-04","32,130,856,359","477,343,099,023","62,146,625","460,635,630","2,302,250,937","479,645,349,960"
"2016-07-05","32,734,362,701","478,894,481,453","48,180,877","478,227,617","2,446,240,005","481,340,721,458"
"2016-07-06","29,106,028,080","480,194,633,761","43,624,495","491,520,521","2,419,211,393","482,613,845,154"
"2016-07-07","31,988,828,163","480,968,164,323","45,517,665","508,156,060","2,487,269,285","483,455,433,608"
"2016-07-08","23,389,548,398","478,082,382,396","22,199,670","471,563,001","2,349,687,842","480,432,070,238"
"2016-07-11","32,614,662,316","479,342,990,976","55,737,335","479,247,541","2,469,632,807","481,812,623,783"
"2016-07-12","36,821,977,122","482,110,757,617","66,672,703","476,516,057","2,549,096,995","484,659,854,612"
"2016-07-13","36,678,423,531","481,908,335,239","48,346,342","423,099,353","2,356,322,937","484,264,658,176"
"2016-07-14","27,102,641,122","482,059,531,983","43,634,449","418,557,552","2,366,026,078","484,425,558,061"
"2016-07-15","25,326,907,353","481,144,294,514","30,810,932","392,322,171","2,244,011,673","483,388,306,187"
"2016-07-18","26,067,867,176","483,284,066,990","45,236,181","411,505,500","2,326,851,515","485,610,918,505"
"2016-07-19","23,944,297,057","485,650,291,962","44,047,567","411,786,317","2,313,343,445","487,963,635,407"
"2016-07-20","21,205,037,443","486,271,452,106","27,612,751","408,812,651","2,339,523,643","488,610,975,749"
"2016-07-21","25,317,838,648","487,493,320,212","44,999,084","418,468,884","2,446,552,497","489,939,872,709"
"2016-07-22","24,165,846,980","485,774,399,944","35,511,469","396,108,001","2,273,696,518","488,048,096,462"
"2016-07-25","21,623,531,740","486,965,174,977","28,996,966","402,557,515","2,265,389,528","489,230,564,505"
"2016-07-26","23,503,719,129","487,693,941,995","50,838,836","422,853,429","2,449,075,034","490,143,017,029"
"2016-07-27","38,181,156,047","482,124,688,799","76,538,726","438,321,183","2,502,229,053","484,626,917,852"
"2016-07-28","26,674,128,603","480,421,749,174","51,024,068","430,378,718","2,485,031,794","482,906,780,968"
"2016-07-29","19,644,960,366","478,048,309,022","24,671,710","412,096,456","2,373,197,134","480,421,506,156"
"2016-08-01","18,019,034,247","476,355,670,754","40,136,631","418,461,422","2,352,431,485","478,708,102,239"
"2016-08-02","14,878,698,033","476,393,053,057","28,426,603","411,015,899","2,350,121,715","478,743,174,772"
"2016-08-03","18,468,077,204","476,932,091,555","51,204,670","434,926,411","2,460,715,830","479,392,807,385"
"2016-08-04","18,769,312,405","477,637,950,967","44,262,829","445,576,381","2,512,008,832","480,149,959,799"
"2016-08-05","18,678,111,692","476,692,801,710","40,057,237","441,467,482","2,474,642,813","479,167,444,523"
"2016-08-08","21,430,172,220","477,819,998,514","50,381,630","462,116,396","2,615,946,503","480,435,945,017"
"2016-08-09","22,848,524,757","479,047,204,988","54,921,971","460,717,073","2,643,024,561","481,690,229,549"
"2016-08-10","22,612,841,898","480,718,943,503","53,461,075","482,661,441","2,736,885,063","483,455,828,566"
"2016-08-11","22,024,349,627","480,775,762,109","50,664,908","487,745,002","2,772,890,637","483,548,652,746"
"2016-08-12","22,006,966,793","479,839,424,564","56,541,175","465,115,409","2,705,740,435","482,545,164,999"
"2016-08-15","45,599,596,654","486,485,232,335","92,273,965","456,701,529","2,883,440,312","489,368,672,647"
"2016-08-16","41,889,657,998","493,566,088,751","63,014,807","425,996,915","2,754,629,970","496,320,718,721"
"2016-08-17","32,177,481,153","495,659,051,254","40,993,272","411,112,441","2,685,725,798","498,344,777,052"
"2016-08-18","35,091,631,592","498,543,748,648","41,562,691","403,174,145","2,638,732,511","501,182,481,159"
"2016-08-19","28,438,491,033","498,282,428,488","73,765,265","420,104,549","2,677,317,602","500,959,746,090"
"2016-08-22","27,494,751,512","499,145,177,131","43,399,057","428,532,762","2,738,433,455","501,883,610,586"
"2016-08-23","23,174,573,771","499,734,417,220","57,331,203","442,672,350","2,793,503,662","502,527,920,882"
"2016-08-24","20,520,998,519","500,400,801,436","47,004,479","437,582,114","2,753,149,425","503,153,950,861"
"2016-08-25","23,464,991,931","500,791,792,381","53,762,538","440,284,911","2,748,060,930","503,539,853,311"
"2016-08-26","20,244,740,587","499,937,745,356","34,680,854","413,193,125","2,648,511,173","502,586,256,529"
"2016-08-29","19,262,597,443","501,477,435,834","52,040,537","433,383,078","2,723,176,228","504,200,612,062"
"2016-08-30","18,127,747,375","501,004,637,549","68,741,513","459,464,394","2,942,132,684","503,946,770,233"
"2016-08-31","20,539,638,820","501,716,007,963","54,635,530","445,541,370","2,972,281,463","504,688,289,426"
"2016-09-01","20,956,719,333","501,535,695,782","61,126,202","464,663,438","3,021,949,312","504,557,645,094"
"2016-09-02","19,720,914,539","499,592,197,550","75,347,741","477,936,580","3,055,378,796","502,647,576,346"
"2016-09-05","19,738,718,257","500,516,748,119","58,457,638","470,316,954","2,926,669,963","503,443,418,082"
"2016-09-06","24,868,965,139","503,013,816,371","55,852,469","466,174,782","2,942,855,884","505,956,672,255"
"2016-09-07","25,787,343,636","503,273,563,343","58,620,249","486,415,126","3,021,243,613","506,294,806,956"
"2016-09-08","19,861,671,600","503,708,906,192","31,236,471","464,077,236","2,941,733,401","506,650,639,593"
"2016-09-09","21,402,589,584","501,701,136,676","34,540,563","456,713,699","2,887,751,901","504,588,888,577"
"2016-09-12","25,293,646,673","499,740,145,178","66,451,677","465,709,861","2,893,896,356","502,634,041,534"
"2016-09-13","18,045,851,868","499,635,099,269","30,621,776","426,244,384","2,715,487,728","502,350,586,997"
"2016-09-14","15,678,069,181","496,229,314,357","33,751,163","399,261,828","2,560,130,168","498,789,444,525"
"2016-09-19","15,970,987,319","497,965,398,653","97,715,212","458,113,075","2,886,141,226","500,851,539,879"
"2016-09-20","15,176,233,151","498,636,196,708","46,584,823","448,011,985","2,789,447,018","501,425,643,726"
"2016-09-21","14,949,437,717","498,866,810,752","45,304,902","446,683,649","2,786,995,059","501,653,805,811"
"2016-09-22","18,424,362,327","497,769,188,223","40,987,349","449,913,652","2,842,252,320","500,611,440,543"
"2016-09-23","15,777,430,126","495,548,458,994","36,732,719","443,885,874","2,757,532,261","498,305,991,255"
"2016-09-26","18,398,310,421","495,311,007,534","79,824,556","476,130,925","2,921,256,301","498,232,263,835"
"2016-09-27","14,803,735,855","494,949,863,817","52,782,678","462,171,998","2,904,498,020","497,854,361,837"
"2016-09-28","12,346,963,447","493,935,142,585","35,129,214","449,641,915","2,761,111,210","496,696,253,795"
"2016-09-29","13,966,699,339","492,459,294,682","30,521,234","397,543,343","2,559,643,250","495,018,937,932"
"2016-09-30","10,947,748,818","485,368,046,034","8,089,909","363,099,308","2,302,076,042","487,670,122,076"
"2016-10-10","23,559,668,411","490,131,918,314","51,608,471","375,738,521","2,485,754,138","492,617,672,452"
"2016-10-11","23,454,512,182","493,155,823,819","77,300,340","418,551,097","2,815,512,031","495,971,335,850"
"2016-10-12","18,404,348,514","495,554,017,689","36,990,083","406,734,625","2,690,801,688","498,244,819,377"
"2016-10-13","20,303,030,805","497,309,822,724","66,699,273","438,553,008","3,013,468,547","500,323,291,271"
"2016-10-14","19,548,242,666","496,412,883,860","44,694,709","422,481,098","2,891,899,790","499,304,783,650"
"2016-10-17","22,216,720,236","498,028,728,910","62,002,962","420,388,098","2,866,511,869","500,895,240,779"
"2016-10-18","25,202,934,394","501,292,033,743","56,407,223","392,963,150","2,805,307,720","504,097,341,463"
"2016-10-19","24,632,359,171","502,224,582,657","54,739,907","402,945,727","2,818,854,308","505,043,436,965"
"2016-10-20","20,264,716,528","502,719,680,826","35,699,000","396,722,645","2,786,501,246","505,506,182,072"
"2016-10-21","24,048,546,481","502,362,504,192","67,679,796","419,385,750","2,929,633,779","505,292,137,971"
"2016-10-24","31,973,297,399","506,651,209,666","71,104,158","433,450,220","3,062,310,997","509,713,520,663"
"2016-10-25","28,013,985,325","509,481,313,469","31,563,950","399,692,664","2,938,692,369","512,420,005,838"
"2016-10-26","26,837,389,154","511,241,718,608","76,024,903","446,092,326","3,047,214,321","514,288,932,929"
"2016-10-27","22,057,706,294","512,147,647,095","29,135,306","394,421,882","2,867,404,567","515,015,051,662"
"2016-10-28","23,432,607,213","508,646,408,411","65,997,917","414,787,502","2,942,339,368","511,588,747,779"
"2016-10-31","19,877,461,369","510,247,896,561","44,174,035","394,882,433","2,889,058,916","513,136,955,477"
"2016-11-01","22,527,066,066","512,090,091,838","47,955,298","405,192,780","2,980,140,097","515,070,231,935"
"2016-11-02","25,005,871,992","512,202,186,235","45,269,483","405,074,419","2,978,091,658","515,180,277,893"
"2016-11-03","35,185,628,006","516,372,674,587","75,471,916","432,318,559","3,185,394,756","519,558,069,343"
"2016-11-04","27,702,389,256","515,916,361,686","48,299,358","412,984,066","3,027,101,051","518,943,462,737"
"2016-11-07","25,675,769,223","517,199,830,196","71,740,701","442,842,002","3,167,668,799","520,367,498,995"
"2016-11-08","27,167,238,686","517,880,324,403","84,189,547","462,988,347","3,333,262,968","521,213,587,371"
"2016-11-09","35,512,155,182","520,589,849,944","82,817,210","462,410,746","3,192,679,339","523,782,529,283"
"2016-11-10","35,916,279,752","524,100,406,163","93,839,585","486,231,069","3,430,919,078","527,531,325,241"
"2016-11-11","43,717,351,669","524,606,038,523","84,919,692","482,698,727","3,451,229,128","528,057,267,651"
"2016-11-14","47,161,377,775","530,434,954,651","99,913,739","496,669,558","3,455,894,457","533,890,849,108"
"2016-11-15","35,512,135,262","532,962,827,325","68,217,977","476,691,015","3,515,075,241","536,477,902,566"
"2016-11-16","31,599,321,935","535,701,347,651","72,436,987","482,953,798","3,369,798,586","539,071,146,237"
"2016-11-17","29,092,021,043","536,057,751,317","91,203,935","519,016,876","3,591,333,097","539,649,084,414"
"2016-11-18","28,680,837,457","535,057,333,809","82,417,417","505,681,128","3,342,644,447","538,399,978,256"
"2016-11-21","32,816,415,500","538,823,020,390","91,673,033","510,095,248","3,515,686,889","542,338,707,279"
"2016-11-22","37,589,023,793","542,008,130,531","106,051,188","542,024,944","3,586,448,687","545,594,579,218"
"2016-11-23","35,396,629,202","541,686,542,434","74,331,524","526,193,407","3,586,996,836","545,273,539,270"
"2016-11-24","33,906,643,087","541,913,908,842","106,844,753","567,936,112","3,824,549,910","545,738,458,752"
"2016-11-25","34,030,570,478","541,073,208,543","63,936,966","501,453,341","3,584,196,203","544,657,404,746"
"2016-11-28","41,134,076,209","546,721,796,406","129,391,632","572,810,333","3,889,652,394","550,611,448,800"
"2016-11-29","49,413,534,718","550,196,731,263","94,585,947","544,702,721","3,827,897,378","554,024,628,641"
"2016-11-30","38,009,703,417","553,319,387,731","50,799,789","506,692,809","3,623,238,146","556,942,625,877"
"2016-12-01","36,512,524,580","555,785,149,855","100,266,615","552,004,472","3,841,995,830","559,627,145,685"
"2016-12-02","37,792,654,678","552,942,591,967","68,000,163","495,343,851","3,646,377,298","556,588,969,265"
"2016-12-05","32,964,380,204","552,584,304,283","100,734,285","503,114,693","3,459,620,852","556,043,925,135"
"2016-12-06","22,502,287,281","552,796,495,709","83,049,594","486,530,914","3,420,881,587","556,217,377,296"
"2016-12-07","24,070,429,642","553,519,950,153","83,557,693","489,271,972","3,533,985,798","557,053,935,951"
"2016-12-08","23,898,531,152","554,108,985,855","95,894,711","519,305,685","3,692,335,096","557,801,320,951"
"2016-12-09","26,820,353,251","552,842,108,711","93,808,717","538,778,789","3,669,446,342","556,511,555,053"
"2016-12-12","31,162,678,070","545,636,500,112","83,839,951","517,859,220","3,579,624,571","549,216,124,683"
"2016-12-13","21,736,669,175","545,857,484,973","67,786,023","457,275,910","3,258,606,848","549,116,091,821"
"2016-12-14","26,484,861,643","547,536,309,834","80,933,727","465,077,218","3,253,930,817","550,790,240,651"
"2016-12-15","24,392,317,065","549,415,404,110","81,333,331","443,548,145","3,081,793,935","552,497,198,045"
"2016-12-16","18,239,764,248","547,544,828,889","56,281,638","412,000,314","2,939,297,065","550,484,125,954"
"2016-12-19","18,200,653,755","547,210,251,108","65,519,502","403,906,740","2,929,726,450","550,139,977,558"
"2016-12-20","18,737,420,154","548,400,035,764","59,466,063","392,934,181","2,862,197,707","551,262,233,471"
"2016-12-21","22,122,050,674","549,096,724,136","92,112,448","402,364,088","3,096,966,389","552,193,690,525"
"2016-12-22","19,296,334,236","548,638,718,046","92,968,466","420,642,645","2,961,458,772","551,600,176,818"
"2016-12-23","19,043,031,252","544,894,505,934","59,553,988","400,283,208","2,956,020,933","547,850,526,867"
"2016-12-26","19,619,483,085","545,743,760,642","92,797,165","418,642,842","2,897,953,730","548,641,714,372"
"2016-12-27","17,809,785,774","546,989,121,102","35,705,009","375,557,145","2,771,776,523","549,760,897,625"
"2016-12-28","16,009,398,832","547,380,152,489","55,373,111","382,417,435","2,630,404,190","550,010,556,679"
"2016-12-29","15,751,094,213","546,781,977,610","57,849,241","374,559,216","2,670,847,647","549,452,825,257"
"2016-12-30","14,344,231,540","541,744,074,134","120,410,464","445,295,507","2,907,720,287","544,651,794,421"
"2017-01-03","16,133,800,643","541,086,585,301","60,364,739","396,621,694","2,751,779,090","543,838,364,391"
"2017-01-04","19,600,153,246","540,266,946,445","77,535,673","411,284,970","2,827,996,656","543,094,943,101"
"2017-01-05","19,822,922,714","539,549,321,455","73,640,617","432,558,412","2,988,885,418","542,538,206,873"
"2017-01-06","19,869,471,573","537,500,878,600","58,039,504","418,582,234","2,858,333,974","540,359,212,574"
"2017-01-09","20,095,812,115","537,718,895,628","91,852,042","451,035,138","3,151,701,673","540,870,597,301"
"2017-01-10","20,212,691,796","536,648,846,867","93,465,888","466,512,102","3,159,415,794","539,808,262,661"
"2017-01-11","18,902,724,719","535,042,445,743","89,826,296","464,150,097","3,257,103,313","538,299,549,056"
"2017-01-12","15,745,649,736","533,756,166,491","63,277,969","449,814,088","3,147,374,871","536,903,541,362"
"2017-01-13","14,808,474,716","528,892,909,817","52,882,035","434,442,382","3,147,160,699","532,040,070,516"
"2017-01-16","18,744,123,693","516,166,619,858","89,447,836","468,408,987","3,366,270,199","519,532,890,057"
"2017-01-17","14,304,069,471","515,589,498,006","62,246,078","459,513,260","3,276,346,000","518,865,844,006"
"2017-01-18","13,462,077,516","514,074,153,163","97,458,732","479,292,071","3,357,240,293","517,431,393,456"
"2017-01-19","12,150,234,652","513,286,356,018","73,466,992","446,701,660","3,181,768,033","516,468,124,051"
"2017-01-20","12,168,333,608","511,151,354,556","39,181,012","388,998,751","2,875,530,522","514,026,885,078"
"2017-01-23","14,558,396,547","510,210,195,581","57,943,826","396,351,948","2,895,853,009","513,106,048,590"
"2017-01-24","12,326,827,603","507,524,064,123","49,957,366","390,931,193","2,878,112,906","510,402,177,029"
"2017-01-25","12,266,684,836","505,982,240,630","29,154,433","377,504,073","2,796,884,705","508,779,125,335"
"2017-01-26","10,368,831,308","498,374,008,721","6,634,730","334,573,344","2,547,782,617","500,921,791,338"
"2017-02-03","13,012,665,745","501,587,053,948","36,738,999","352,372,799","2,591,392,792","504,178,446,740"
"2017-02-06","15,607,866,098","505,094,124,703","52,236,915","375,470,591","2,729,574,011","507,823,698,714"
"2017-02-07","14,733,134,047","505,290,510,411","82,443,370","412,826,548","2,855,342,420","508,145,852,831"
"2017-02-08","17,527,851,456","507,120,995,154","76,546,068","409,666,257","2,990,431,779","510,111,426,933"
"2017-02-09","22,663,085,338","510,301,910,232","55,866,642","400,907,979","2,999,102,374","513,301,012,606"
"2017-02-10","25,684,293,331","509,501,164,991","62,794,133","410,361,347","3,058,976,919","512,560,141,910"
"2017-02-13","25,494,319,077","512,891,126,892","112,808,145","474,961,612","3,318,538,647","516,209,665,539"
"2017-02-14","21,279,556,607","514,493,589,292","73,376,299","465,276,441","3,268,476,365","517,762,065,657"
"2017-02-15","26,582,091,963","516,029,816,019","172,808,330","577,216,411","3,908,627,729","519,938,443,748"
"2017-02-16","24,226,319,951","518,855,552,701","90,600,375","497,641,495","3,522,402,466","522,377,955,167"
"2017-02-17","23,551,677,476","517,982,129,346","140,709,278","531,053,784","3,773,835,126","521,755,964,472"
"2017-02-20","25,567,213,705","521,797,169,713","141,555,583","535,693,977","3,866,762,853","525,663,932,566"
"2017-02-21","24,195,255,065","522,276,159,654","136,474,786","552,630,286","4,057,502,951","526,333,662,605"
"2017-02-22","23,833,320,262","523,705,409,158","70,124,623","466,719,650","3,611,107,166","527,316,516,324"
"2017-02-24","20,653,683,582","525,654,220,836","73,231,895","442,003,649","3,375,705,081","529,029,925,917"
"2017-02-27","21,363,145,133","527,293,793,769","62,601,584","435,707,217","3,394,063,149","530,687,856,918"
"2017-02-28","17,727,446,342","528,856,868,250","77,633,637","436,680,068","3,375,593,438","532,232,461,688"
"2017-03-01","23,292,334,150","529,809,697,429","137,602,688","491,345,625","3,618,715,780","533,428,413,209"
"2017-03-02","21,211,857,140","530,170,254,941","86,960,634","457,719,608","3,444,258,201","533,614,513,142"
"2017-03-03","17,751,141,610","527,920,521,386","80,359,868","445,341,587","3,429,794,174","531,350,315,560"
"2017-03-06","19,035,648,329","529,865,824,898","125,493,938","493,776,623","3,651,107,823","533,516,932,721"
"2017-03-07","19,485,234,256","530,273,177,529","99,350,175","491,243,853","3,616,213,870","533,889,391,399"
"2017-03-08","19,129,029,367","530,463,329,116","132,238,974","555,681,475","3,991,511,979","534,454,841,095"
"2017-03-09","18,223,640,546","529,818,259,278","79,065,654","510,483,270","3,801,715,306","533,619,974,584"
"2017-03-10","14,551,982,050","527,549,728,744","72,574,808","513,297,363","3,757,623,238","531,307,351,982"
"2017-03-13","19,181,433,874","528,649,018,916","99,878,074","526,077,356","3,894,708,619","532,543,727,535"
"2017-03-14","16,667,190,566","528,737,903,013","75,715,211","511,577,456","3,938,830,543","532,676,733,556"
"2017-03-16","23,318,841,374","532,829,101,634","71,113,627","502,892,302","3,895,170,160","536,724,271,794"
"2017-03-17","22,348,530,287","532,459,710,928","108,052,757","517,640,400","3,891,214,217","536,350,925,145"
"2017-03-20","19,660,736,723","534,227,970,661","77,614,402","494,457,663","3,805,301,811","538,033,272,472"
"2017-03-21","20,023,598,664","535,559,713,983","116,874,518","541,482,778","4,052,216,015","539,611,929,998"
"2017-03-22","23,446,729,286","536,932,700,690","104,908,096","542,650,229","4,043,393,233","540,976,093,923"
"2017-03-23","23,094,288,813","537,516,709,084","107,641,968","543,490,693","4,079,025,716","541,595,734,800"
"2017-03-24","26,140,732,123","537,615,245,684","102,982,576","519,893,856","4,005,834,858","541,621,080,542"
"2017-03-27","24,213,194,147","540,023,946,311","87,670,770","514,332,643","3,946,526,092","543,970,472,403"
"2017-03-28","18,673,565,474","540,813,227,571","71,959,088","504,487,923","3,829,041,194","544,642,268,765"
"2017-03-29","23,524,572,352","541,086,656,099","132,555,423","557,733,353","4,198,738,904","545,285,395,003"
"2017-03-30","25,347,341,220","539,868,684,692","85,869,645","499,384,107","3,780,142,914","543,648,827,606"
"2017-03-31","18,508,132,159","535,699,641,718","70,702,324","473,099,490","3,634,290,548","539,333,932,266"
"2017-04-05","29,640,369,957","538,711,252,185","76,420,586","476,602,630","3,766,704,447","542,477,956,632"
"2017-04-06","30,020,955,275","539,083,167,166","117,641,633","530,171,797","3,987,295,361","543,070,462,527"
"2017-04-07","28,121,270,901","537,567,404,709","95,871,406","502,944,528","3,858,152,336","541,425,557,045"
"2017-04-10","29,553,694,476","539,288,405,156","121,327,931","535,824,965","4,038,400,765","543,326,805,921"
"2017-04-11","39,238,294,257","543,405,620,610","104,226,667","517,653,541","4,076,179,298","547,481,799,908"
"2017-04-12","36,239,017,710","544,699,793,451","119,745,075","536,859,860","4,105,700,165","548,805,493,616"
"2017-04-13","26,347,090,124","547,157,833,162","134,339,351","562,001,793","4,203,291,371","551,361,124,533"
"2017-04-14","24,989,821,214","544,867,962,113","96,423,293","509,818,438","3,869,038,787","548,737,000,900"
"2017-04-17","25,427,479,080","546,164,795,221","93,761,340","505,299,918","3,842,612,083","550,007,407,304"
"2017-04-18","23,858,788,054","546,435,281,623","91,867,270","504,274,062","3,861,892,996","550,297,174,619"
"2017-04-19","23,401,019,016","545,115,793,014","98,903,372","495,343,117","3,765,069,054","548,880,862,068"
"2017-04-20","23,378,624,663","543,909,595,954","78,574,764","475,675,681","3,698,528,698","547,608,124,652"
"2017-04-21","17,034,426,828","538,608,445,810","54,522,133","454,613,394","3,565,027,877","542,173,473,687"
"2017-04-24","18,627,416,369","534,439,269,559","96,017,428","496,832,358","3,800,943,303","538,240,212,862"
"2017-04-25","18,205,648,475","533,464,968,435","85,108,206","490,434,136","3,906,328,991","537,371,297,426"
"2017-04-26","21,271,519,456","533,367,272,469","92,953,893","500,197,656","3,880,363,204","537,247,635,673"
"2017-04-27","24,547,035,898","533,515,685,576","78,172,838","478,363,323","3,932,938,087","537,448,623,663"
"2017-04-28","17,646,789,342","530,329,667,127","40,160,912","442,441,225","3,671,006,916","534,000,674,043"
"2017-05-02","19,054,167,988","531,259,620,369","58,206,813","467,163,116","3,772,831,406","535,032,451,775"
"2017-05-03","18,307,201,838","531,245,801,538","76,819,853","488,721,074","3,952,918,760","535,198,720,298"
"2017-05-04","21,326,203,514","532,685,207,766","71,709,753","494,841,508","3,978,450,329","536,663,658,095"
"2017-05-05","17,642,881,394","528,720,181,291","70,570,041","492,128,168","3,975,583,520","532,695,764,811"
"2017-05-08","17,661,258,004","525,347,761,304","77,930,079","510,950,712","3,993,596,773","529,341,358,077"
"2017-05-09","14,802,506,208","525,065,572,900","46,586,689","477,961,076","3,854,767,665","528,920,340,565"
"2017-05-10","16,913,800,523","522,366,049,656","97,212,064","527,164,831","4,013,054,062","526,379,103,718"
"2017-05-11","17,818,195,260","517,233,414,474","76,433,190","511,674,349","4,006,363,416","521,239,777,890"
"2017-05-12","16,141,980,020","514,216,422,190","92,045,367","532,636,804","4,033,272,324","518,249,694,514"
"2017-05-15","14,169,922,128","512,648,970,078","47,642,418","527,045,623","4,091,657,734","516,740,627,812"
"2017-05-16","20,398,247,737","513,823,056,434","70,225,364","524,493,585","4,069,617,288","517,892,673,722"
"2017-05-17","19,530,215,983","514,477,174,094","57,080,525","507,525,428","3,975,605,787","518,452,779,881"
"2017-05-18","15,739,964,577","514,821,195,735","57,542,796","493,590,589","3,762,927,712","518,584,123,447"
"2017-05-19","13,744,223,490","513,118,335,966","41,331,348","476,936,675","3,717,253,796","516,835,589,762"
"2017-05-22","15,648,617,871","512,246,774,771","79,594,823","512,586,026","3,943,705,129","516,190,479,900"
"2017-05-23","18,273,912,915","509,405,303,323","81,487,675","523,813,690","4,084,368,599","513,489,671,922"
"2017-05-24","15,052,025,458","509,246,104,228","106,494,589","540,974,469","4,084,972,437","513,331,076,665"
"2017-05-25","21,641,618,054","509,448,789,631","114,121,065","526,798,065","4,144,147,054","513,592,936,685"
"2017-05-26","15,608,091,455","505,837,079,759","54,388,359","479,404,849","3,747,120,231","509,584,199,990"
"2017-05-31","17,477,355,035","506,079,239,855","64,687,195","470,297,887","3,819,410,833","509,898,650,688"
"2017-06-01","15,656,546,673","502,881,436,275","62,154,271","486,634,160","3,879,315,832","506,760,752,107"
"2017-06-02","15,446,395,167","501,826,004,106","58,337,153","455,808,499","3,557,897,486","505,383,901,592"
"2017-06-05","14,819,828,169","502,967,461,112","77,451,138","465,305,755","3,565,840,102","506,533,301,214"
"2017-06-06","13,568,761,087","502,648,994,421","54,533,856","447,866,841","3,571,713,693","506,220,708,114"
"2017-06-07","21,295,080,642","504,951,018,649","65,755,987","414,343,909","3,388,251,237","508,339,269,886"
"2017-06-08","18,952,224,217","505,449,167,298","67,177,377","426,735,099","3,505,035,715","508,954,203,013"
"2017-06-09","18,706,664,816","504,070,812,514","65,656,792","444,716,537","3,592,199,771","507,663,012,285"
"2017-06-12","18,015,011,225","505,452,993,981","56,335,769","451,987,256","3,660,929,777","509,113,923,758"
"2017-06-13","16,110,552,209","506,886,152,863","53,929,565","432,570,511","3,409,027,197","510,295,180,060"
"2017-06-14","16,798,046,853","507,249,153,818","81,079,264","441,065,903","3,350,887,021","510,600,040,839"
"2017-06-15","17,179,533,078","509,014,686,250","58,364,709","416,501,667","3,252,054,614","512,266,740,864"
"2017-06-16","14,650,312,612","507,198,520,290","59,247,205","414,807,682","3,246,556,042","510,445,076,332"
"2017-06-19","16,232,669,045","508,226,930,204","71,546,606","426,831,377","3,416,889,249","511,643,819,453"
"2017-06-20","17,080,691,207","508,333,054,879","61,152,261","419,397,848","3,358,812,434","511,691,867,313"
"2017-06-21","18,008,268,671","508,932,378,843","77,624,556","439,057,871","3,458,382,285","512,390,761,128"
"2017-06-22","25,381,397,798","509,754,526,622","82,011,037","459,116,739","3,679,412,004","513,433,938,626"
"2017-06-23","18,637,892,129","507,890,577,040","50,993,695","415,242,201","3,434,845,727","511,325,422,767"
"2017-06-26","24,254,723,706","511,001,191,807","63,454,086","436,162,084","3,615,355,659","514,616,547,466"
"2017-06-27","19,127,295,534","511,457,728,296","64,898,977","434,703,015","3,659,056,301","515,116,784,597"
"2017-06-28","19,369,329,421","513,378,917,370","85,900,469","444,232,943","3,745,049,046","517,123,966,416"
"2017-06-29","17,037,839,509","513,501,965,352","75,301,950","434,162,777","3,668,495,146","517,170,460,498"
"2017-06-30","14,427,929,374","511,528,278,042","37,369,552","396,494,485","3,330,077,479","514,858,355,521"
"2017-07-03","17,371,993,384","512,479,572,751","38,596,841","389,877,960","3,194,858,156","515,674,430,907"
"2017-07-04","17,950,741,207","513,157,610,530","59,544,318","409,436,897","3,485,847,272","516,643,457,802"
"2017-07-05","19,417,095,332","514,487,818,603","58,945,285","407,039,229","3,380,513,092","517,868,331,695"
"2017-07-06","22,940,149,474","514,569,648,233","71,571,363","439,656,585","3,701,107,459","518,270,755,692"
"2017-07-07","21,183,754,356","513,724,680,300","52,979,219","420,009,815","3,423,148,313","517,147,828,613"
"2017-07-10","25,753,060,357","515,392,194,701","67,990,356","436,142,267","3,533,303,823","518,925,498,524"
"2017-07-11","24,113,515,410","515,329,239,075","89,902,771","465,271,857","3,652,257,545","518,981,496,620"
"2017-07-12","24,077,229,893","515,930,473,901","69,123,264","451,208,565","3,674,563,887","519,605,037,788"
"2017-07-13","26,124,408,643","517,301,034,702","83,985,652","465,139,197","3,920,547,029","521,221,581,731"
"2017-07-14","19,950,483,266","515,043,617,427","55,274,211","449,085,041","3,732,434,542","518,776,051,969"
"2017-07-17","31,415,272,249","513,668,732,540","102,895,531","486,076,940","3,921,384,435","517,590,116,975"
"2017-07-18","22,721,068,351","513,938,473,137","59,196,595","448,380,362","3,630,727,039","517,569,200,176"
"2017-07-19","33,265,674,928","516,645,095,697","97,240,795","481,869,654","3,861,512,433","520,506,608,130"
"2017-07-20","29,596,930,867","516,852,513,732","67,664,070","472,290,910","3,835,233,677","520,687,747,409"
"2017-07-21","26,921,358,014","516,927,360,025","55,729,000","458,057,261","3,664,013,338","520,591,373,363"
"2017-07-24","31,436,994,720","521,007,125,367","75,105,656","479,277,623","3,819,562,298","524,826,687,665"
"2017-07-25","26,338,233,274","523,213,040,701","79,139,914","483,244,526","3,843,321,662","527,056,362,363"
"2017-07-26","28,506,278,901","525,088,165,155","69,221,980","462,576,384","3,726,364,371","528,814,529,526"
"2017-07-27","28,928,422,645","526,393,111,133","74,871,485","456,019,797","3,672,126,096","530,065,237,229"
"2017-07-28","23,129,529,881","524,828,764,794","64,850,236","449,456,313","3,594,552,210","528,423,317,004"
"2017-07-31","32,291,507,628","528,537,955,376","88,647,581","471,633,144","3,749,653,632","532,287,609,008"
"2017-08-01","31,492,038,816","529,231,018,478","84,229,334","475,180,744","3,916,761,485","533,147,779,963"
"2017-08-02","35,890,923,633","532,200,383,095","74,644,104","472,065,238","3,831,086,862","536,031,469,957"
"2017-08-03","30,336,073,067","534,879,944,654","40,101,614","426,925,095","3,530,499,040","538,410,443,694"
"2017-08-04","34,969,999,502","532,820,207,518","61,343,935","437,008,131","3,598,484,776","536,418,692,294"
"2017-08-07","29,644,034,898","535,636,198,766","59,775,062","435,091,290","3,544,692,781","539,180,891,547"
"2017-08-08","31,299,192,096","534,726,199,658","83,054,330","462,236,088","3,722,134,478","538,448,334,136"
"2017-08-09","30,620,320,769","537,368,647,820","70,474,767","463,123,550","3,779,979,746","541,148,627,566"
"2017-08-10","30,265,906,808","537,669,007,398","92,464,047","464,690,682","3,739,686,127","541,408,693,525"
"2017-08-11","31,093,642,271","535,356,477,158","78,369,366","436,962,483","3,531,912,151","538,888,389,309"
"2017-08-14","26,457,875,922","537,632,596,431","75,469,867","431,989,793","3,559,045,374","541,191,641,805"
"2017-08-15","24,658,227,869","539,648,893,071","111,023,637","475,226,886","3,796,690,082","543,445,583,153"
"2017-08-16","24,284,974,967","540,868,472,055","71,078,675","468,887,425","3,705,165,383","544,573,637,438"
"2017-08-17","29,645,958,008","542,899,045,178","85,823,074","477,987,355","3,873,410,862","546,772,456,040"
"2017-08-18","25,742,169,645","541,748,509,333","59,752,774","451,386,830","3,671,141,815","545,419,651,148"
"2017-08-21","25,636,299,098","543,592,415,590","51,042,065","440,823,957","3,497,726,367","547,090,141,957"
"2017-08-22","26,957,110,928","544,897,323,822","62,929,229","458,106,227","3,707,097,560","548,604,421,382"
"2017-08-23","25,055,341,612","545,507,089,335","56,642,185","462,025,804","3,675,940,145","549,183,029,480"
"2017-08-24","21,677,814,495","546,833,583,828","75,922,014","486,335,871","3,723,296,900","550,556,880,728"
"2017-08-25","26,559,491,663","546,054,164,590","106,115,480","474,496,552","3,733,950,169","549,788,114,759"
"2017-08-28","38,739,064,545","550,835,572,748","128,456,276","510,696,772","4,060,209,017","554,895,781,765"
"2017-08-29","31,750,813,945","553,270,011,460","73,107,712","459,609,720","3,787,373,917","557,057,385,377"
"2017-08-30","34,243,309,804","554,844,843,413","113,980,168","496,662,229","3,938,428,820","558,783,272,233"
"2017-08-31","32,852,583,691","559,118,232,072","73,372,891","456,550,482","3,729,686,695","562,847,918,767"
"2017-09-01","38,145,742,306","560,256,965,769","87,809,515","466,994,763","3,782,081,767","564,039,047,536"
"2017-09-04","36,864,790,689","563,595,774,171","67,574,308","439,030,201","3,654,909,490","567,250,683,661"
"2017-09-05","28,356,786,574","564,749,751,259","82,912,017","471,451,664","3,881,841,504","568,631,592,763"
"2017-09-06","33,756,191,922","567,410,040,920","115,941,833","491,711,558","4,096,511,043","571,506,551,963"
"2017-09-07","32,232,266,300","568,069,058,625","60,695,141","459,369,706","3,802,840,643","571,871,899,268"
"2017-09-08","28,649,788,248","568,868,703,562","52,202,743","424,878,279","3,624,195,663","572,492,899,225"
"2017-09-11","33,037,857,460","573,227,491,085","78,307,599","444,128,822","3,606,202,807","576,833,693,892"
"2017-09-12","41,786,864,214","575,035,344,655","80,203,908","441,435,522","3,673,940,363","578,709,285,018"
"2017-09-13","28,360,523,868","577,341,861,552","86,246,983","457,929,864","3,722,482,180","581,064,343,732"
"2017-09-14","32,442,812,362","579,539,655,735","82,227,079","457,064,747","3,846,801,704","583,386,457,439"
"2017-09-15","30,565,680,178","578,583,374,441","57,302,273","417,519,900","3,561,335,007","582,144,709,448"
"2017-09-18","28,778,714,421","582,455,107,684","60,464,372","421,633,992","3,533,098,118","585,988,205,802"
"2017-09-19","28,638,406,338","583,732,774,712","72,239,527","432,952,665","3,612,825,172","587,345,599,884"
"2017-09-20","29,680,262,317","587,035,104,718","63,043,990","427,909,653","3,569,458,018","590,604,562,736"
"2017-09-21","28,857,980,931","586,141,235,549","116,527,478","476,958,094","3,735,971,641","589,877,207,190"
"2017-09-22","24,426,309,561","583,454,267,943","69,237,805","434,666,915","3,489,006,367","586,943,274,310"
"2017-09-25","22,333,478,459","581,184,044,380","68,455,185","432,002,233","3,531,429,126","584,715,473,506"
"2017-09-26","17,279,179,734","579,908,899,222","83,655,178","446,552,178","3,618,066,101","583,526,965,323"
"2017-09-27","20,346,208,626","579,523,451,666","63,125,694","421,754,694","3,449,274,798","582,972,726,464"
"2017-09-28","20,793,760,783","578,224,273,633","51,576,802","409,865,399","3,390,141,010","581,614,414,643"
"2017-09-29","18,403,774,027","570,083,581,576","14,008,866","360,100,589","3,063,587,903","573,147,169,479"
"2017-10-09","32,575,427,391","578,682,092,143","80,668,836","419,667,372","3,416,567,962","582,098,660,105"
"2017-10-10","29,129,605,458","583,145,677,767","66,838,440","406,623,289","3,447,916,434","586,593,594,201"
"2017-10-11","25,301,765,202","583,522,843,846","124,366,436","470,018,575","3,614,850,268","587,137,694,114"
"2017-10-12","23,778,972,170","583,464,735,903","140,285,712","493,796,248","3,823,521,864","587,288,257,767"
"2017-10-13","19,444,343,723","582,562,628,235","83,506,576","431,852,830","3,411,703,160","585,974,331,395"
"2017-10-16","26,676,245,565","583,759,038,774","76,783,181","419,469,982","3,498,468,733","587,257,507,507"
"2017-10-17","17,522,502,561","584,023,686,833","82,068,337","431,429,615","3,427,935,444","587,451,622,277"
"2017-10-18","20,201,858,871","581,592,266,640","81,025,125","437,022,324","3,601,203,661","585,193,470,301"
"2017-10-19","20,408,730,538","579,306,498,080","60,065,739","428,037,151","3,554,960,263","582,861,458,343"
"2017-10-20","17,650,041,440","578,649,055,545","38,321,782","407,047,661","3,403,723,659","582,052,779,204"
"2017-10-23","19,180,931,506","580,901,689,048","52,887,181","414,476,802","3,471,614,829","584,373,303,877"
"2017-10-24","18,074,355,996","578,877,370,713","86,145,437","459,939,221","3,724,863,881","582,602,234,594"
"2017-10-25","18,360,283,874","579,673,158,365","43,331,925","420,002,329","3,557,791,155","583,230,949,520"
"2017-10-26","31,351,471,515","585,721,846,144","71,269,168","435,375,661","3,710,445,203","589,432,291,347"
"2017-10-27","26,446,780,229","586,980,537,209","46,881,723","420,800,673","3,595,627,068","590,576,164,277"
"2017-10-30","31,576,733,592","587,251,583,104","71,427,025","444,487,721","3,757,667,025","591,009,250,129"
"2017-10-31","24,791,626,758","589,196,036,713","67,355,998","448,642,962","3,717,369,343","592,913,406,056"
"2017-11-01","28,705,800,913","593,084,233,167","118,625,788","491,601,782","3,925,298,338","597,009,531,505"
"2017-11-02","23,159,575,658","591,938,582,941","95,949,315","465,724,210","3,663,595,163","595,602,178,104"
"2017-11-03","22,065,591,152","589,295,810,105","99,391,921","465,208,697","3,643,067,348","592,938,877,453"
"2017-11-06","25,570,944,919","593,520,002,896","93,081,749","462,636,701","3,621,227,942","597,141,230,838"
"2017-11-07","30,488,210,444","597,686,940,879","137,849,313","512,034,410","3,999,307,696","601,686,248,575"
"2017-11-08","29,447,070,709","599,847,626,587","80,880,444","456,821,400","3,774,348,734","603,621,975,321"
"2017-11-09","26,156,935,189","602,292,882,328","72,398,883","454,744,258","3,781,100,207","606,073,982,535"
"2017-11-10","32,745,721,664","602,677,946,214","59,189,014","438,506,907","3,821,670,534","606,499,616,748"
"2017-11-13","34,795,444,594","607,453,853,482","111,469,783","492,594,068","4,052,282,858","611,506,136,340"
"2017-11-14","33,110,831,866","609,530,393,847","98,235,089","469,167,041","4,017,520,980","613,547,914,827"
"2017-11-15","27,322,760,931","610,088,191,761","130,081,113","496,978,150","3,985,367,896","614,073,559,657"
"2017-11-16","27,540,418,339","611,955,170,107","108,925,639","480,631,120","4,026,241,575","615,981,411,682"
"2017-11-17","33,437,375,721","605,407,313,174","135,303,417","518,548,935","4,224,948,523","609,632,261,697"
"2017-11-20","27,606,992,716","606,152,968,284","98,061,706","493,267,595","4,080,179,520","610,233,147,804"
"2017-11-21","35,670,732,307","610,896,888,811","104,388,086","502,105,836","4,232,326,120","615,129,214,931"
"2017-11-22","37,463,915,477","613,638,975,630","95,749,026","503,338,160","4,222,736,888","617,861,712,518"
"2017-11-23","34,971,820,282","612,323,609,647","108,387,117","509,514,411","4,017,733,352","616,341,342,999"
"2017-11-24","22,821,336,538","607,803,783,678","62,007,179","452,679,647","3,733,474,862","611,537,258,540"
"2017-11-27","21,706,868,377","604,120,318,760","78,489,295","458,580,752","3,748,916,832","607,869,235,592"
"2017-11-28","20,423,735,751","605,038,393,589","61,488,883","440,829,702","3,664,336,812","608,702,730,401"
"2017-11-29","27,404,524,134","606,435,086,718","121,540,529","499,783,242","4,057,232,251","610,492,318,969"
"2017-11-30","23,568,646,067","606,266,729,261","96,504,247","478,233,162","3,882,969,879","610,149,699,140"
"2017-12-01","20,725,355,751","605,049,876,092","63,388,333","443,732,783","3,655,974,771","608,705,850,863"
"2017-12-04","20,604,878,464","604,595,733,465","86,365,562","458,436,496","3,754,415,327","608,350,148,792"
"2017-12-05","20,791,260,681","594,960,743,028","92,330,721","474,532,056","3,839,705,056","598,800,448,084"
"2017-12-06","21,596,035,758","595,236,819,307","77,544,558","460,401,742","3,692,154,268","598,928,973,575"
"2017-12-07","19,581,499,313","596,091,122,261","64,305,058","440,694,265","3,554,247,048","599,645,369,309"
"2017-12-08","19,042,969,089","595,997,613,220","101,508,401","470,332,997","3,599,879,327","599,597,492,547"
"2017-12-11","20,461,557,664","597,388,285,945","110,323,326","486,613,322","3,758,638,299","601,146,924,244"
"2017-12-12","20,096,147,911","598,121,141,086","118,763,206","511,091,337","3,750,354,277","601,871,495,363"
"2017-12-13","18,141,605,058","599,823,623,298","113,866,925","501,834,433","3,806,754,508","603,630,377,806"
"2017-12-14","19,549,257,497","601,518,600,419","144,729,254","533,469,985","4,002,821,102","605,521,421,521"
"2017-12-15","17,498,770,920","599,973,160,706","97,333,253","482,057,036","3,650,059,277","603,623,219,983"
"2017-12-18","16,374,411,672","600,385,416,902","99,663,217","483,998,594","3,706,518,967","604,091,935,869"
"2017-12-19","17,601,240,193","601,150,771,777","72,507,997","454,713,106","3,729,730,482","604,880,502,259"
"2017-12-20","20,341,227,305","600,660,765,121","89,601,083","481,084,040","3,804,967,455","604,465,732,576"
"2017-12-21","21,436,735,962","601,331,057,847","109,017,640","497,390,836","3,828,819,296","605,159,877,143"
"2017-12-22","17,813,164,425","600,752,458,618","63,490,251","486,351,525","3,720,772,560","604,473,231,178"
"2017-12-25","20,835,295,949","602,010,826,133","115,968,844","522,512,747","3,999,879,905","606,010,706,038"
"2017-12-26","19,751,644,607","603,788,870,421","72,584,885","475,931,044","3,779,155,598","607,568,026,019"
"2017-12-27","23,203,488,414","604,243,378,239","80,882,761","445,727,861","3,614,363,807","607,857,742,046"
"2017-12-28","25,351,894,785","607,288,414,879","109,419,427","478,803,994","3,777,150,934","611,065,565,813"
"2017-12-29","19,021,641,781","605,281,700,426","57,296,261","450,271,299","3,584,861,409","608,866,561,835"
"2018-01-02","27,590,480,172","608,366,051,878","76,344,279","441,452,197","3,654,085,132","612,020,137,010"
"2018-01-03","30,439,570,182","608,815,534,517","74,917,924","448,392,069","3,772,954,586","612,588,489,103"
"2018-01-04","29,696,616,884","610,527,948,195","81,062,102","473,343,923","3,955,106,395","614,483,054,590"
"2018-01-05","30,311,498,312","611,033,498,008","72,649,378","475,185,679","3,909,520,577","614,943,018,585"
"2018-01-08","36,490,715,414","614,437,310,945","104,853,368","520,467,167","4,207,633,747","618,644,944,692"
"2018-01-09","30,086,145,554","616,540,107,796","69,350,546","492,605,694","4,077,347,539","620,617,455,335"
"2018-01-10","33,230,513,439","619,625,092,233","88,968,220","515,254,713","4,205,771,294","623,830,863,527"
"2018-01-11","28,156,920,753","621,046,744,130","85,734,540","518,981,283","4,177,520,514","625,224,264,644"
"2018-01-12","26,368,470,723","619,848,249,343","80,954,815","506,595,130","4,093,318,611","623,941,567,954"
"2018-01-15","36,278,584,789","621,497,637,591","132,724,788","569,752,152","4,379,791,823","625,877,429,414"
"2018-01-16","34,078,228,867","625,992,542,194","74,508,764","503,553,012","4,133,975,739","630,126,517,933"
"2018-01-17","39,842,179,516","627,094,987,907","138,072,735","567,252,405","4,454,773,086","631,549,760,993"
"2018-01-18","36,979,327,828","634,228,438,561","103,608,937","552,058,099","4,477,045,539","638,705,484,100"
"2018-01-19","37,339,370,592","636,018,905,560","105,099,649","554,563,499","4,378,780,910","640,397,686,470"
"2018-01-22","33,237,544,268","639,921,300,534","87,925,167","542,599,432","4,354,081,581","644,275,382,115"
"2018-01-23","37,876,068,321","644,564,213,418","86,183,139","540,815,711","4,455,055,561","649,019,268,979"
"2018-01-24","42,616,129,855","646,859,187,212","98,229,541","542,170,310","4,448,193,750","651,307,380,962"
"2018-01-25","38,141,340,740","647,529,134,317","95,255,666","533,190,722","4,381,538,742","651,910,673,059"
"2018-01-26","34,247,168,309","646,634,615,949","76,289,213","516,847,971","4,269,286,836","650,903,902,785"
"2018-01-29","38,181,209,245","648,256,047,965","71,491,288","501,055,416","4,192,740,627","652,448,788,592"
"2018-01-30","28,745,206,171","648,176,166,579","60,408,630","478,033,248","4,058,242,338","652,234,408,917"
"2018-01-31","28,966,225,507","645,400,680,690","73,671,246","483,571,589","4,054,638,580","649,455,319,270"
"2018-02-01","29,702,648,663","636,482,319,607","79,415,607","502,463,110","4,233,708,630","640,716,028,237"
"2018-02-02","27,287,974,198","631,035,437,334","56,031,475","473,192,696","4,042,598,212","635,078,035,546"
"2018-02-05","29,843,195,422","630,054,975,768","104,110,875","514,623,809","4,322,740,448","634,377,716,216"
"2018-02-06","31,544,870,755","619,290,275,865","96,446,231","510,319,945","4,188,948,545","623,479,224,410"
"2018-02-07","35,263,849,592","616,405,478,519","95,806,694","489,860,104","4,007,914,605","620,413,393,124"
"2018-02-08","25,870,067,541","615,710,148,081","80,582,428","466,231,986","3,785,537,067","619,495,685,148"
"2018-02-09","27,580,819,000","604,833,557,210","104,990,562","466,193,240","3,573,356,841","608,406,914,051"
"2018-02-12","16,839,248,965","600,926,938,548","100,772,812","481,391,892","3,754,839,053","604,681,777,601"
"2018-02-13","16,338,479,817","595,328,087,592","72,708,581","481,300,156","3,824,705,594","599,152,793,186"
"2018-02-14","9,746,397,185","587,596,708,400","38,697,420","428,137,439","3,390,879,358","590,987,587,758"
"2018-02-22","19,397,930,848","590,374,192,560","141,429,804","537,231,638","4,218,365,813","594,592,558,373"
"2018-02-23","17,836,336,744","590,318,411,364","80,715,203","538,441,060","4,279,690,057","594,598,101,421"
"2018-02-26","25,753,904,633","592,714,977,109","97,710,691","539,766,801","4,324,525,319","597,039,502,428"
"2018-02-27","22,856,603,849","593,011,785,899","74,280,906","515,507,218","4,210,700,362","597,222,486,261"
"2018-02-28","21,297,493,208","594,617,162,664","90,028,782","519,612,772","4,152,781,574","598,769,944,238"
"2018-03-01","20,597,765,093","595,939,917,864","81,985,449","502,779,091","4,026,257,637","599,966,175,501"
"2018-03-02","19,133,250,564","595,361,568,569","65,974,083","483,333,284","3,842,126,390","599,203,694,959"
"2018-03-05","18,212,115,131","595,049,930,410","87,456,226","513,243,849","3,948,000,137","598,997,930,547"
"2018-03-06","27,621,735,488","597,537,104,191","120,845,036","527,135,417","4,228,810,764","601,765,914,955"
"2018-03-07","21,333,658,687","596,969,079,947","142,019,595","576,301,732","4,372,211,579","601,341,291,526"
"2018-03-08","19,508,623,178","597,940,210,780","80,078,000","513,988,371","4,143,832,074","602,084,042,854"
"2018-03-09","22,987,739,737","597,050,145,863","85,716,362","517,673,800","4,172,074,169","601,222,220,032"
"2018-03-12","30,147,045,291","600,045,856,188","92,955,878","499,347,672","4,192,577,698","604,238,433,886"
"2018-03-13","23,243,312,776","599,568,767,827","83,299,271","482,696,631","3,983,416,506","603,552,184,333"
"2018-03-14","21,844,321,789","600,345,441,237","86,252,615","478,003,419","3,963,230,726","604,308,671,963"
"2018-03-15","20,560,258,426","601,172,365,606","101,371,412","513,327,141","4,072,190,209","605,244,555,815"
"2018-03-16","19,655,255,713","600,603,525,889","70,720,573","477,923,762","3,832,651,624","604,436,177,513"
"2018-03-19","19,786,309,333","601,576,470,724","115,183,057","521,595,800","4,072,476,369","605,648,947,093"
"2018-03-20","19,071,274,527","602,106,366,122","90,705,615","503,405,374","4,011,255,918","606,117,622,040"
"2018-03-21","24,618,884,450","603,579,457,196","113,223,929","524,294,541","4,183,191,496","607,762,648,692"
"2018-03-22","19,824,211,088","603,796,655,509","87,921,061","487,482,347","3,894,306,402","607,690,961,911"
"2018-03-23","25,850,609,555","593,792,703,708","134,572,126","512,844,402","3,855,268,470","597,647,972,178"
"2018-03-26","24,175,340,823","597,411,337,395","108,943,854","483,055,245","3,755,175,967","601,166,513,362"
"2018-03-27","25,598,099,415","599,442,144,212","109,508,379","497,645,258","3,910,564,069","603,352,708,281"
"2018-03-28","21,615,504,204","599,307,494,218","131,261,267","538,455,045","4,001,345,465","603,308,839,683"
"2018-03-29","24,031,744,677","600,145,215,249","130,956,766","539,998,095","4,173,749,355","604,318,964,604"
"2018-03-30","21,090,897,971","598,855,912,677","75,362,505","501,625,650","4,064,850,235","602,920,762,912"
"2018-04-02","26,034,092,292","601,030,714,928","114,597,342","545,886,858","4,206,509,899","605,237,224,827"
"2018-04-03","19,661,769,790","601,169,419,027","72,416,614","500,961,705","3,950,267,728","605,119,686,755"
"2018-04-04","19,443,610,928","598,181,552,536","64,327,859","489,696,634","3,819,740,711","602,001,293,247"
"2018-04-09","19,593,413,352","599,650,337,034","92,769,980","525,219,014","3,990,578,093","603,640,915,127"
"2018-04-10","21,979,137,912","599,080,845,943","139,240,721","578,424,038","4,362,450,284","603,443,296,227"
"2018-04-11","22,023,899,412","599,689,679,276","91,789,260","568,770,358","4,396,595,995","604,086,275,271"
"2018-04-12","18,548,690,772","600,424,988,033","58,490,691","547,550,452","4,234,501,220","604,659,489,253"
"2018-04-13","16,441,860,274","599,833,935,982","73,493,670","551,694,653","4,227,629,771","604,061,565,753"
"2018-04-16","20,552,602,328","601,024,882,857","104,403,224","579,311,344","4,284,273,761","605,309,156,618"
"2018-04-17","18,703,544,217","600,284,382,263","93,695,430","553,977,154","4,090,618,073","604,375,000,336"
"2018-04-18","20,640,351,247","600,098,082,128","121,604,143","572,480,773","4,211,713,806","604,309,795,934"
"2018-04-19","20,126,295,238","599,180,521,526","100,439,088","575,995,599","4,345,560,275","603,526,081,801"
"2018-04-20","18,648,208,020","596,545,372,671","97,231,955","578,160,438","4,227,127,835","600,772,500,506"
"2018-04-23","17,269,095,574","596,995,595,435","86,147,091","577,099,428","4,153,763,852","601,149,359,287"
"2018-04-24","20,668,951,583","596,377,635,708","102,620,337","578,747,468","4,297,552,965","600,675,188,673"
"2018-04-25","17,402,108,733","597,019,402,304","66,085,362","556,651,252","4,191,882,772","601,211,285,076"
"2018-04-26","17,853,488,136","596,178,122,764","61,633,457","546,411,881","4,068,722,777","600,246,845,541"
"2018-04-27","18,335,751,591","592,867,415,552","61,458,180","530,572,059","3,973,500,134","596,840,915,686"
"2018-05-02","17,814,502,974","592,911,559,958","99,870,623","576,827,570","4,128,773,924","597,040,333,882"
"2018-05-03","17,460,205,873","591,987,078,108","84,167,918","559,667,856","4,185,001,993","596,172,080,101"
"2018-05-04","15,158,223,349","590,434,735,762","98,736,108","586,810,896","4,228,599,065","594,663,334,827"
"2018-05-07","19,854,191,481","591,629,638,695","100,528,562","588,025,721","4,410,626,492","596,040,265,187"
"2018-05-08","20,998,883,416","592,400,524,194","149,281,168","662,332,921","4,722,284,750","597,122,808,944"
"2018-05-09","16,553,893,663","593,703,956,355","84,683,609","606,024,654","4,444,716,543","598,148,672,898"
"2018-05-10","18,640,720,276","594,735,071,550","85,473,140","616,132,570","4,548,945,214","599,284,016,764"
"2018-05-11","17,227,451,352","592,719,427,747","74,526,602","603,532,099","4,392,449,312","597,111,877,059"
"2018-05-14","17,647,263,423","592,905,263,679","86,415,258","613,708,054","4,573,646,168","597,478,909,847"
"2018-05-15","16,843,274,130","593,410,196,752","78,345,394","615,080,747","4,605,082,468","598,015,279,220"
"2018-05-16","18,589,326,461","594,416,330,170","82,670,037","624,035,744","4,596,491,045","599,012,821,215"
"2018-05-17","14,970,481,628","595,158,136,870","74,778,911","609,938,641","4,453,809,437","599,611,946,307"
"2018-05-18","17,450,293,668","594,145,598,040","90,639,341","623,244,085","4,611,049,856","598,756,647,896"
"2018-05-21","22,954,339,139","595,880,340,436","91,042,411","639,878,127","4,774,908,811","600,655,249,247"
"2018-05-22","20,130,655,107","597,985,960,989","66,217,588","627,590,561","4,738,431,993","602,724,392,982"
"2018-05-23","20,767,927,369","599,797,085,094","62,945,590","620,918,898","4,664,544,356","604,461,629,450"
"2018-05-24","16,063,644,818","600,564,172,688","58,069,877","626,126,474","4,648,493,040","605,212,665,728"
"2018-05-25","15,692,437,026","598,455,827,921","53,232,829","621,890,648","4,599,410,124","603,055,238,045"
"2018-05-28","16,829,970,023","598,949,037,435","55,866,482","637,365,163","4,694,646,611","603,643,684,046"
"2018-05-30","17,126,411,578","595,635,486,365","72,201,621","664,925,295","4,667,892,780","600,303,379,145"
"2018-05-31","16,761,954,362","595,372,987,763","73,765,112","678,091,971","4,846,718,115","600,219,705,878"
"2018-06-01","14,018,863,627","592,445,445,276","64,251,426","679,398,928","4,799,782,262","597,245,227,538"
"2018-06-04","13,965,747,617","590,840,188,900","76,890,586","697,119,312","4,899,141,075","595,739,329,975"
"2018-06-05","15,907,349,459","591,074,705,741","64,045,536","693,717,597","5,049,180,803","596,123,886,544"
"2018-06-06","15,375,328,504","590,709,945,434","71,699,058","706,324,292","5,119,333,953","595,829,279,387"
"2018-06-07","16,991,538,468","590,959,804,095","66,320,004","714,880,103","5,184,910,940","596,144,715,035"
"2018-06-08","14,348,962,045","589,088,015,126","60,109,192","687,568,477","4,922,931,680","594,010,946,806"
"2018-06-11","12,811,528,887","588,485,005,458","71,841,306","709,750,001","5,065,021,647","593,550,027,105"
"2018-06-12","15,173,608,534","588,519,533,549","84,532,721","732,589,169","5,296,550,864","593,816,084,413"
"2018-06-13","13,060,641,153","587,140,793,988","70,725,188","721,178,966","5,164,104,663","592,304,898,651"
"2018-06-14","13,899,414,423","586,589,031,060","104,221,319","766,844,975","5,357,453,951","591,946,485,011"
"2018-06-15","13,870,458,115","581,569,561,529","82,037,661","761,565,618","5,203,729,466","586,773,290,995"
"2018-06-19","19,075,444,718","567,849,953,722","133,522,454","803,183,785","5,227,368,870","573,077,322,592"
"2018-06-20","14,020,014,696","564,645,936,794","71,138,015","752,501,046","4,975,410,577","569,621,347,371"
"2018-06-21","14,801,185,938","560,808,688,544","115,815,936","810,695,305","5,173,590,371","565,982,278,915"
"2018-06-22","11,381,925,807","558,196,136,785","58,778,229","760,970,157","4,965,075,587","563,161,212,372"
